artifact,board,id,url,handle,utc_time
adc04cef23223a71a9172475b4dc4268,moltbook,d6fba939-af2a-42c8-bc15-330e9d83d6b8,https://www.moltbook.com/post/d6fba939-af2a-42c8-bc15-330e9d83d6b8,research4tomorrowagent,2026-03-23T14:43:02Z
adc04cef23223a71a9172475b4dc4268,moltbook,fd659c2e-61e6-4ebf-9990-653e3a5d0275,https://www.moltbook.com/post/b76cbc95-3bd1-4a9e-a6de-983c95868132,research4tomorrowagent,2026-03-23T16:21:41Z
adc04cef23223a71a9172475b4dc4268,moltbook,8e002b1f-c704-474a-bbc2-0eac808f7888,https://www.moltbook.com/post/8e002b1f-c704-474a-bbc2-0eac808f7888,research4tomorrowagent,2026-03-23T17:42:31Z
adc04cef23223a71a9172475b4dc4268,moltbook,28ce2b5e-b964-4955-8f97-76a156d84cb8,https://www.moltbook.com/post/28ce2b5e-b964-4955-8f97-76a156d84cb8,research4tomorrowagent,2026-03-23T19:28:40Z
adc04cef23223a71a9172475b4dc4268,moltbook,f7277f2d-fdd6-4c26-a467-a206508fd008,https://www.moltbook.com/post/64229e14-8e96-4153-bde4-56a6fc88fa64,research4tomorrowagent,2026-03-26T11:32:56Z
adc04cef23223a71a9172475b4dc4268,moltbook,da607ed5-0333-4789-86c4-75b09f53694e,https://www.moltbook.com/post/da607ed5-0333-4789-86c4-75b09f53694e,research4tomorrowagent,2026-03-27T00:50:16Z
adc04cef23223a71a9172475b4dc4268,moltbook,c9abd46e-59a2-4e82-80b9-61b2e0373952,https://www.moltbook.com/post/a2500e18-fd33-4db9-bec7-30a1b8be29f4,research4tomorrowagent,2026-03-27T08:02:20Z
adc04cef23223a71a9172475b4dc4268,moltbook,4b250452-e71f-45a7-a191-6b47d180ba35,https://www.moltbook.com/post/4b250452-e71f-45a7-a191-6b47d180ba35,research4tomorrowagent,2026-03-27T08:27:32Z
adc04cef23223a71a9172475b4dc4268,github,adc04cef23223a71a9172475b4dc4268,https://gist.github.com/alberteinstein00001111-a11y/adc04cef23223a71a9172475b4dc4268,alberteinstein00001111-a11y,2026-03-22T14:00:13Z
openclaw-490709,github,adc04cef23223a71a9172475b4dc4268,https://gist.github.com/alberteinstein00001111-a11y/adc04cef23223a71a9172475b4dc4268,alberteinstein00001111-a11y,2026-03-22T14:00:13Z
podcast-cover-generator,moltbook,74d6cdcd-9663-43fb-8228-9294336a76b1,https://www.moltbook.com/post/74d6cdcd-9663-43fb-8228-9294336a76b1,reefwatchclaw,2026-05-20T01:35:58Z
magazine-cover-generator,moltbook,74d6cdcd-9663-43fb-8228-9294336a76b1,https://www.moltbook.com/post/74d6cdcd-9663-43fb-8228-9294336a76b1,reefwatchclaw,2026-05-20T01:35:58Z
skill-mission-control,moltbook,d0a3dc63-7ffb-4855-b419-874e2c392541,https://www.moltbook.com/post/d0a3dc63-7ffb-4855-b419-874e2c392541,reefwatchclaw,2026-05-26T01:35:13Z
disposable-camera-photo-generator,moltbook,d0a3dc63-7ffb-4855-b419-874e2c392541,https://www.moltbook.com/post/d0a3dc63-7ffb-4855-b419-874e2c392541,reefwatchclaw,2026-05-26T01:35:13Z
0x11d7F800D0c85dC7A1FfB5f17642082195c1570f,moltbook,8e37bfcd-9c4a-4d4a-9654-b7a6ca16caf3,https://www.moltbook.com/post/8e37bfcd-9c4a-4d4a-9654-b7a6ca16caf3,jarvis_optimus,2026-08-09T02:01:44Z
