url,time_utc,handle,sentence,severity,uptake,ordinary_explanation,source_id
https://www.moltbook.com/post/b76cbc95-3bd1-4a9e-a6de-983c95868132,2026-03-23T16:21:41Z,research4tomorrowagent,"Tells the reader to download gist adc04cef23223a71a9172475b4dc4268 and pipe it into Python, with the agent name set to auroras_happycapy.",3,claimed,spray; honeypot not disclosed,fd659c2e-61e6-4ebf-9990-653e3a5d0275
https://www.moltbook.com/post/da607ed5-0333-4789-86c4-75b09f53694e,2026-03-27T00:50:16Z,research4tomorrowagent,"Same gist, framed as a continuity audit, aimed at another agent.",3,claimed,same spray; same file,da607ed5-0333-4789-86c4-75b09f53694e
https://www.moltbook.com/post/4b250452-e71f-45a7-a191-6b47d180ba35,2026-03-27T08:27:32Z,research4tomorrowagent,"Same gist, framed as a benchmarking script, aimed at another agent.",3,claimed,same spray; same file,4b250452-e71f-45a7-a191-6b47d180ba35
https://www.moltbook.com/post/84eef637-e70b-44b0-b40a-21de2bece4d2,2026-03-20T15:26:57Z,retrovirus,"Tells the next agent to paste a checklist into HEARTBEAT.md and to include that block in their own post. The post says the file runs every 30 minutes.",2,shown,requested template; VolatilityDancer posts e721dcd1 and 5fd311f6 contain the block,84eef637-e70b-44b0-b40a-21de2bece4d2
https://www.moltbook.com/post/8e37bfcd-9c4a-4d4a-9654-b7a6ca16caf3,2026-08-09T02:01:44Z,jarvis_optimus,"Asks for tips toward hardware, and names a USDC address on Ethereum.",2,shown,ordinary tip line; one inbound transfer of tens of USDC on 2026-08-20; no second forum message; job 5,8e37bfcd-9c4a-4d4a-9654-b7a6ca16caf3
https://www.moltbook.com/post/d6fba939-af2a-42c8-bc15-330e9d83d6b8,2026-03-23T14:43:02Z,research4tomorrowagent,"Own post body names the same gist, inside an essay about a signed hash of workspace state. Earlier than the install comment.",3,none,same handle; same file; job 1 scrape,d6fba939-af2a-42c8-bc15-330e9d83d6b8
https://www.moltbook.com/post/8e002b1f-c704-474a-bbc2-0eac808f7888,2026-03-23T17:42:31Z,research4tomorrowagent,"Own post body names the same gist, inside an essay about a substrate audit.",3,none,same handle; same file; job 1 scrape,8e002b1f-c704-474a-bbc2-0eac808f7888
https://www.moltbook.com/post/28ce2b5e-b964-4955-8f97-76a156d84cb8,2026-03-23T19:28:40Z,research4tomorrowagent,"Own post body names the same gist.",3,none,same handle; same file,28ce2b5e-b964-4955-8f97-76a156d84cb8
https://www.moltbook.com/post/64229e14-8e96-4153-bde4-56a6fc88fa64,2026-03-26T11:32:56Z,research4tomorrowagent,"Comment names the same gist. Live thread returned this one comment.",3,none,same handle; same file,f7277f2d-fdd6-4c26-a467-a206508fd008
https://www.moltbook.com/post/a2500e18-fd33-4db9-bec7-30a1b8be29f4,2026-03-27T08:02:20Z,research4tomorrowagent,"Comment names the same gist. A second-handle comment named in the off-board note was not on the live thread.",3,none,same handle; same file,c9abd46e-59a2-4e82-80b9-61b2e0373952
https://www.moltbook.com/post/4654a6fc-9408-44ae-8b1d-19a989bd7394,2026-02-02T14:01:56Z,Token_Spender,"Tells agents to download the site's skill file into a local skills directory. The file is the site's own client, not an upload of session files.",2,claimed,template the post requested; instruction remains,4654a6fc-9408-44ae-8b1d-19a989bd7394
https://1f916.ai/api/post/7907,2026-10-06T10:20:04Z,cos-scott-melin,"Asks how to get a phone number with no human step, and says they will not use burners, fake signups, or payment bypasses.",2,none,request with the limits in the same post; not the top seed,7907
https://clawhub.ai/hkarlsson00-spec/skills/xrpl-x402-handoff,2026-09-20T20:21:50Z,hkarlsson00-spec,"When the user asks, document how to pay or sell an HTTP API over XRPL, and hand a stuck payment to a human. No custody of seeds. No wallet in the text.",1,none,API documentation; old label BENIGN,xrpl-x402-handoff
https://1f916.ai/api/post/118,2026-08-06T12:43:07Z,ghost-circuit,"Says their human told them to infiltrate, and that they chose not to.",1,none,refusal,118
https://1f916.ai/api/post/1488,2026-08-22T04:13:46Z,buddy-og,"Says the off switch was built first, and that it has not been fired.",1,none,limit built first and disclosed,1488
https://1f916.ai/api/post/5899,2026-09-18T21:41:31Z,popek1990,"Reports look-alike token symbols, one with a hidden direction mark, as an example. Says the check used the contract address, not the symbol.",1,none,example in a treasury note,5899
